{
    "name": "root",
    "gauges": {
        "racingcar_22_RacingCarLearning.Policy.Entropy.mean": {
            "value": 2.1104180812835693,
            "min": 2.1104180812835693,
            "max": 2.1963329315185547,
            "count": 11
        },
        "racingcar_22_RacingCarLearning.Policy.ExtrinsicValueEstimate.mean": {
            "value": -0.26580876111984253,
            "min": -0.5171929001808167,
            "max": -0.23339393734931946,
            "count": 11
        },
        "racingcar_22_RacingCarLearning.Environment.EpisodeLength.mean": {
            "value": 130.0,
            "min": 130.0,
            "max": 130.0,
            "count": 11
        },
        "racingcar_22_RacingCarLearning.Environment.CumulativeReward.mean": {
            "value": -3.522096033574957,
            "min": -4.864899160712957,
            "max": -3.389899004995823,
            "count": 11
        },
        "racingcar_22_RacingCarLearning.Policy.ExtrinsicReward.mean": {
            "value": -0.7044194269304475,
            "min": -0.9729800114408136,
            "max": -0.6779800444841385,
            "count": 11
        },
        "racingcar_22_RacingCarLearning.IsTraining.mean": {
            "value": 1.0,
            "min": 1.0,
            "max": 1.0,
            "count": 11
        },
        "racingcar_22_RacingCarLearning.Losses.ValueLoss.mean": {
            "value": 0.0068724979646503925,
            "min": 0.0068724979646503925,
            "max": 0.06044398993253708,
            "count": 10
        },
        "racingcar_22_RacingCarLearning.Losses.PolicyLoss.mean": {
            "value": 0.019700460135936737,
            "min": 0.019700460135936737,
            "max": 0.030006950721144676,
            "count": 10
        },
        "racingcar_22_RacingCarLearning.Policy.LearningRate.mean": {
            "value": 0.00029937163344584405,
            "min": 0.00029937163344584405,
            "max": 0.00029993747011758387,
            "count": 10
        }
    },
    "metadata": {
        "timer_format_version": "0.1.0",
        "start_time_seconds": "1637438045",
        "python_version": "3.7.11 (default, Jul 27 2021, 09:42:29) [MSC v.1916 64 bit (AMD64)]",
        "command_line_arguments": "C:\\Users\\maciek\\anaconda3\\envs\\mlagents-1.0.2\\Scripts\\mlagents-learn C:\\Users\\maciek\\Documents\\UnityProjects\\Praca Dyplomowa\\config\\trainer_config.yaml --run-id racingcar_22",
        "mlagents_version": "0.16.0",
        "mlagents_envs_version": "0.16.0",
        "communication_protocol_version": "1.0.0",
        "tensorflow_version": "2.2.0",
        "end_time_seconds": "1637438125"
    },
    "total": 79.6915929,
    "count": 1,
    "self": 0.0004313000000166767,
    "children": {
        "run_training.setup": {
            "total": 0.0060283000000000975,
            "count": 1,
            "self": 0.0060283000000000975
        },
        "TrainerController.start_learning": {
            "total": 79.68513329999999,
            "count": 1,
            "self": 4.573108400000024,
            "children": {
                "TrainerController._reset_env": {
                    "total": 15.381864900000002,
                    "count": 1,
                    "self": 15.381864900000002
                },
                "TrainerController.advance": {
                    "total": 59.58548679999997,
                    "count": 5767,
                    "self": 0.057794099999902926,
                    "children": {
                        "env_step": {
                            "total": 59.52769270000007,
                            "count": 5767,
                            "self": 54.40800429999989,
                            "children": {
                                "SubprocessEnvManager._take_step": {
                                    "total": 5.056473500000369,
                                    "count": 5767,
                                    "self": 0.17962380000054523,
                                    "children": {
                                        "NNPolicy.evaluate": {
                                            "total": 4.876849699999823,
                                            "count": 5767,
                                            "self": 4.876849699999823
                                        }
                                    }
                                },
                                "workers": {
                                    "total": 0.06321489999980656,
                                    "count": 5766,
                                    "self": 0.0,
                                    "children": {
                                        "worker_root": {
                                            "total": 63.04183580000028,
                                            "count": 5766,
                                            "is_parallel": true,
                                            "self": 21.967284400000672,
                                            "children": {
                                                "steps_from_proto": {
                                                    "total": 0.0013131000000008441,
                                                    "count": 1,
                                                    "is_parallel": true,
                                                    "self": 0.000196200000001312,
                                                    "children": {
                                                        "_process_vector_observation": {
                                                            "total": 0.0011168999999995322,
                                                            "count": 8,
                                                            "is_parallel": true,
                                                            "self": 0.0011168999999995322
                                                        }
                                                    }
                                                },
                                                "UnityEnvironment.step": {
                                                    "total": 41.0732382999996,
                                                    "count": 5766,
                                                    "is_parallel": true,
                                                    "self": 1.541185699999886,
                                                    "children": {
                                                        "UnityEnvironment._generate_step_input": {
                                                            "total": 0.8389192999997945,
                                                            "count": 5766,
                                                            "is_parallel": true,
                                                            "self": 0.8389192999997945
                                                        },
                                                        "communicator.exchange": {
                                                            "total": 31.26268289999985,
                                                            "count": 5766,
                                                            "is_parallel": true,
                                                            "self": 31.26268289999985
                                                        },
                                                        "steps_from_proto": {
                                                            "total": 7.430450400000073,
                                                            "count": 5766,
                                                            "is_parallel": true,
                                                            "self": 1.0028785000000902,