{
    "name": "root",
    "gauges": {
        "racingcar_27_RacingCarLearning.Policy.Entropy.mean": {
            "value": 0.3582746088504791,
            "min": 0.31293177604675293,
            "max": 2.1879215240478516,
            "count": 284
        },
        "racingcar_27_RacingCarLearning.Policy.ExtrinsicValueEstimate.mean": {
            "value": 0.724134087562561,
            "min": -0.7239058017730713,
            "max": 1.0150810480117798,
            "count": 284
        },
        "racingcar_27_RacingCarLearning.Policy.GAILValueEstimate.mean": {
            "value": 31.060298919677734,
            "min": -0.5231168270111084,
            "max": 34.62720489501953,
            "count": 284
        },
        "racingcar_27_RacingCarLearning.Environment.EpisodeLength.mean": {
            "value": 1146.4166666666667,
            "min": 150.0,
            "max": 2291.25,
            "count": 284
        },
        "racingcar_27_RacingCarLearning.Environment.CumulativeReward.mean": {
            "value": 20.020514898002148,
            "min": -4.980200980603695,
            "max": 45.416545018553734,
            "count": 284
        },
        "racingcar_27_RacingCarLearning.Policy.ExtrinsicReward.mean": {
            "value": 10.010257449001074,
            "min": -2.4901004903018475,
            "max": 22.708272509276867,
            "count": 284
        },
        "racingcar_27_RacingCarLearning.Policy.GAILReward.mean": {
            "value": 316.94828930450603,
            "min": 0.0,
            "max": 788.8724683225155,
            "count": 284
        },
        "racingcar_27_RacingCarLearning.IsTraining.mean": {
            "value": 1.0,
            "min": 1.0,
            "max": 1.0,
            "count": 284
        },
        "racingcar_27_RacingCarLearning.Losses.ValueLoss.mean": {
            "value": 10.150238037109375,
            "min": 0.05604901537299156,
            "max": 25.662975311279297,
            "count": 272
        },
        "racingcar_27_RacingCarLearning.Losses.PolicyLoss.mean": {
            "value": 0.024646908044815063,
            "min": 0.01396411843597889,
            "max": 0.03826279193162918,
            "count": 272
        },
        "racingcar_27_RacingCarLearning.Policy.LearningRate.mean": {
            "value": 0.0002829442382790148,
            "min": 0.0002829442382790148,
            "max": 0.0002998674171976745,
            "count": 272
        },
        "racingcar_27_RacingCarLearning.Losses.GAILLoss.mean": {
            "value": 0.6658419370651245,
            "min": 0.19945883750915527,
            "max": 2.006916046142578,
            "count": 272
        },
        "racingcar_27_RacingCarLearning.Policy.GAILPolicyEstimate.mean": {
            "value": 0.23486964404582977,
            "min": 0.03739795461297035,
            "max": 0.2946840524673462,
            "count": 272
        },
        "racingcar_27_RacingCarLearning.Policy.GAILExpertEstimate.mean": {
            "value": 0.7635641694068909,
            "min": 0.7189794778823853,
            "max": 0.9229075908660889,
            "count": 272
        }
    },
    "metadata": {
        "timer_format_version": "0.1.0",
        "start_time_seconds": "1637496435",
        "python_version": "3.7.11 (default, Jul 27 2021, 09:42:29) [MSC v.1916 64 bit (AMD64)]",
        "command_line_arguments": "C:\\Users\\maciek\\anaconda3\\envs\\mlagents-1.0.2\\Scripts\\mlagents-learn C:\\Users\\maciek\\Documents\\UnityProjects\\Praca Dyplomowa\\config\\trainer_config.yaml --run-id racingcar_27 --resume",
        "mlagents_version": "0.16.0",
        "mlagents_envs_version": "0.16.0",
        "communication_protocol_version": "1.0.0",
        "tensorflow_version": "2.2.0",
        "end_time_seconds": "1637498211"
    },
    "total": 1775.8986191,
    "count": 1,
    "self": 0.00043879999998353014,
    "children": {
        "run_training.setup": {
            "total": 0.005162600000000017,
            "count": 1,
            "self": 0.005162600000000017
        },
        "TrainerController.start_learning": {
            "total": 1775.8930177,
            "count": 1,
            "self": 93.3393940000085,
            "children": {
                "TrainerController._reset_env": {
                    "total": 6.011040700000001,
                    "count": 1,
                    "self": 6.011040700000001
                },
                "demo_to_buffer": {
                    "total": 14.057667900000002,
                    "count": 1,
                    "self": 0.03769519999999993,
                    "children": {
                        "load_demonstration": {
                            "total": 0.1564078000000002,
                            "count": 1,
                            "self": 0.1489957000000004,
                            "children": {
                                "read_file": {
                                    "total": 0.0074120999999998105,
                                    "count": 1,
                                    "self": 0.0074120999999998105
                                }
                            }
                        },
                        "make_demo_buffer": {
                            "total": 13.863564900000002,
                            "count": 1,
                            "self": 1.9371712000003622,
                            "children": {
                                "steps_from_proto": {
                                    "total": 11.92639369999964,
                                    "count": 50362,
                                    "self": 4.822317599999435,
                                    "children": {
                                        "_process_vector_observation": {
                                            "total": 7.104076100000205,
                                            "count": 402896,
                                            "self": 7.104076100000205
                                        }
                                    }
                                }
                            }
                        }
                    }
                },
                "TrainerController.advance": {
                    "total": 1661.9170732999917,
                    "count": 142251,
                    "self": 1.4656126999836943,
                    "children": {
                        "env_step": {
                            "total": 1660.451460600008,
                            "count": 142251,
                            "self": 1511.694699899967,
                            "children": {
                                "SubprocessEnvManager._take_step": {
                                    "total": 147.15884610001515,
                                    "count": 142251,
                                    "self": 4.807011200027432,
                                    "children": {
                                        "NNPolicy.evaluate": {
                                            "total": 142.35183489998772,
                                            "count": 142251,
                                            "self": 142.35183489998772
                                        }
                                    }
                                },
                                "workers": {
                                    "total": 1.5979146000257813,
                                    "count": 142250,
                                    "self": 0.0,
                                    "children": {
                                        "worker_root": {
                                            "total": 1765.800550099982,
                                            "count": 142250,
                                            "is_parallel": true,
                                            "self": 706.3890787000055,