{
    "name": "root",
    "gauges": {
        "racingcar_25_RacingCarLearning.Policy.Entropy.mean": {
            "value": 0.3521254062652588,
            "min": 0.24755175411701202,
            "max": 2.19657301902771,
            "count": 1274
        },
        "racingcar_25_RacingCarLearning.Policy.ExtrinsicValueEstimate.mean": {
            "value": 0.8621869683265686,
            "min": -0.6529340744018555,
            "max": 1.148047685623169,
            "count": 1274
        },
        "racingcar_25_RacingCarLearning.Policy.GAILValueEstimate.mean": {
            "value": 1.9559355974197388,
            "min": 0.1332869827747345,
            "max": 3.745692014694214,
            "count": 1274
        },
        "racingcar_25_RacingCarLearning.Environment.EpisodeLength.mean": {
            "value": 456.4347826086956,
            "min": 130.0,
            "max": 628.8888888888889,
            "count": 1274
        },
        "racingcar_25_RacingCarLearning.Environment.CumulativeReward.mean": {
            "value": 11.799816855917806,
            "min": -3.8428676123420398,
            "max": 14.121908391063863,
            "count": 1274
        },
        "racingcar_25_RacingCarLearning.Policy.ExtrinsicReward.mean": {
            "value": 5.899908427958903,
            "min": -1.9214338061710199,
            "max": 7.060954195531932,
            "count": 1274
        },
        "racingcar_25_RacingCarLearning.Policy.GAILReward.mean": {
            "value": 92.28824281999408,
            "min": 0.0,
            "max": 183.32845371900476,
            "count": 1274
        },
        "racingcar_25_RacingCarLearning.IsTraining.mean": {
            "value": 1.0,
            "min": 1.0,
            "max": 1.0,
            "count": 1274
        },
        "racingcar_25_RacingCarLearning.Losses.ValueLoss.mean": {
            "value": 0.28618183732032776,
            "min": 0.027841635048389435,
            "max": 1.338159203529358,
            "count": 1235
        },
        "racingcar_25_RacingCarLearning.Losses.PolicyLoss.mean": {
            "value": 0.019202427938580513,
            "min": 0.014959662221372128,
            "max": 0.03711928054690361,
            "count": 1235
        },
        "racingcar_25_RacingCarLearning.Policy.LearningRate.mean": {
            "value": 0.00022358061687555164,
            "min": 0.00022358061687555164,
            "max": 0.00029993747011758387,
            "count": 1235
        },
        "racingcar_25_RacingCarLearning.Losses.GAILLoss.mean": {
            "value": 0.5173690319061279,
            "min": 0.2388536036014557,
            "max": 6.9239726066589355,
            "count": 1235
        },
        "racingcar_25_RacingCarLearning.Policy.GAILPolicyEstimate.mean": {
            "value": 0.18384534120559692,
            "min": 0.041725657880306244,
            "max": 0.31457987427711487,
            "count": 1235
        },
        "racingcar_25_RacingCarLearning.Policy.GAILExpertEstimate.mean": {
            "value": 0.8269097208976746,
            "min": 0.6900076270103455,
            "max": 0.9128128290176392,
            "count": 1235
        }
    },
    "metadata": {
        "timer_format_version": "0.1.0",
        "start_time_seconds": "1637444233",
        "python_version": "3.7.11 (default, Jul 27 2021, 09:42:29) [MSC v.1916 64 bit (AMD64)]",
        "command_line_arguments": "C:\\Users\\maciek\\anaconda3\\envs\\mlagents-1.0.2\\Scripts\\mlagents-learn C:\\Users\\maciek\\Documents\\UnityProjects\\Praca Dyplomowa\\config\\trainer_config.yaml --run-id racingcar_25",
        "mlagents_version": "0.16.0",
        "mlagents_envs_version": "0.16.0",
        "communication_protocol_version": "1.0.0",
        "tensorflow_version": "2.2.0",
        "end_time_seconds": "1637452572"
    },
    "total": 8338.9297706,
    "count": 1,
    "self": 0.0005208999991737073,
    "children": {
        "run_training.setup": {
            "total": 0.005826200000000004,
            "count": 1,
            "self": 0.005826200000000004
        },
        "TrainerController.start_learning": {
            "total": 8338.9234235,
            "count": 1,
            "self": 514.9346903998339,
            "children": {
                "TrainerController._reset_env": {
                    "total": 26.5069912,
                    "count": 1,
                    "self": 26.5069912
                },
                "demo_to_buffer": {
                    "total": 22.370618999999998,
                    "count": 1,
                    "self": 0.056280500000003286,
                    "children": {
                        "load_demonstration": {
                            "total": 0.2225110999999984,
                            "count": 1,
                            "self": 0.2103223000000014,
                            "children": {
                                "read_file": {
                                    "total": 0.012188799999997002,
                                    "count": 1,
                                    "self": 0.012188799999997002
                                }
                            }
                        },
                        "make_demo_buffer": {
                            "total": 22.091827399999996,
                            "count": 1,
                            "self": 3.081104699999756,
                            "children": {
                                "steps_from_proto": {
                                    "total": 19.01072270000024,
                                    "count": 78684,
                                    "self": 7.743198700000864,
                                    "children": {
                                        "_process_vector_observation": {
                                            "total": 11.267523999999376,
                                            "count": 629472,
                                            "self": 11.267523999999376
                                        }
                                    }
                                }
                            }
                        }
                    }
                },
                "TrainerController.advance": {
                    "total": 7771.997568100166,
                    "count": 637417,
                    "self": 7.623963599849958,
                    "children": {
                        "env_step": {
                            "total": 7764.373604500316,
                            "count": 637417,
                            "self": 7021.948906200752,
                            "children": {
                                "SubprocessEnvManager._take_step": {
                                    "total": 734.3718465000514,
                                    "count": 637417,
                                    "self": 23.54101899986756,
                                    "children": {
                                        "NNPolicy.evaluate": {
                                            "total": 710.8308275001839,
                                            "count": 637417,
                                            "self": 710.8308275001839
                                        }
                                    }
                                },
                                "workers": {
                                    "total": 8.052851799511885,
                                    "count": 637416,
                                    "self": 0.0,
                                    "children": {
                                        "worker_root": {
                                            "total": 8292.747327700008,
                                            "count": 637416,
                                            "is_parallel": true,
                                            "self": 3348.4350898998364,