{"cameraMode":{"drawMode":0,"name":"Shaded","section":"Shading Mode"},"sceneLighting":false,"audioPlay":false,"sceneViewState":{"showFog":true,"showMaterialUpdate":false,"showSkybox":false,"showFlares":true,"showImageEffects":true,"showParticleSystems":true,"showVisualEffectGraphs":true,"m_FxEnabled":true},"in2DMode":false,"pivot":{"x":-0.04999971389770508,"y":-0.24199998378753663,"z":-0.13350000977516175},"rotation":{"x":0.41627660393714907,"y":-0.005586081184446812,"z":0.002179979346692562,"w":0.9093190431594849},"size":5.202444076538086,"orthographic":false}